[
{
  "model": "gallery.post",
  "pk": 3,
  "fields": {
    "image": "content/2779cffbec6d4bb7acb9b8a53c1a2871.jpg",
    "timestamp": "2018-07-25T18:02:17Z"
  }
},
{
  "model": "gallery.post",
  "pk": 4,
  "fields": {
    "image": "content/f6d3f567d08b4665b173d5b867199949.jpg",
    "timestamp": "2018-07-29T14:16:58.024Z"
  }
},
{
  "model": "gallery.post",
  "pk": 5,
  "fields": {
    "image": "content/f5909b7d1cd44c15a5f651c5bdc1e199.jpeg",
    "timestamp": "2018-07-30T16:18:32.648Z"
  }
},
{
  "model": "gallery.post",
  "pk": 6,
  "fields": {
    "image": "content/1bdd395482034c43802104c6fba047c6.jpg",
    "timestamp": "2018-07-30T16:35:11.486Z"
  }
},
{
  "model": "gallery.post",
  "pk": 7,
  "fields": {
    "image": "content/f2ce54166b764b6ba7c35d2a68293224.jpg",
    "timestamp": "2018-07-30T16:35:59.735Z"
  }
},
{
  "model": "gallery.post",
  "pk": 8,
  "fields": {
    "image": "content/7f38e70117fc43988f376ca0613c3307.jpeg",
    "timestamp": "2018-07-30T16:36:31.536Z"
  }
},
{
  "model": "gallery.post",
  "pk": 9,
  "fields": {
    "image": "content/1caaaeeb64d043bcba0274ca40d11144.jpg",
    "timestamp": "2019-01-10T14:16:30.770Z"
  }
},
{
  "model": "gallery.post",
  "pk": 10,
  "fields": {
    "image": "content/def673163a8c4220b62cf0a5305ffd28.jpg",
    "timestamp": "2019-01-10T14:17:18.920Z"
  }
},
{
  "model": "gallery.post",
  "pk": 11,
  "fields": {
    "image": "content/661cbdd6c61746b1be56cd45bb9ed836.jpg",
    "timestamp": "2019-01-10T14:17:54.485Z"
  }
},
{
  "model": "gallery.post",
  "pk": 12,
  "fields": {
    "image": "content/1c103b5e1046461b9ebb1b388567486c.jpg",
    "timestamp": "2019-01-10T14:18:32.759Z"
  }
},
{
  "model": "gallery.post",
  "pk": 13,
  "fields": {
    "image": "content/9c896188761b4a68aa3223d460a058e8.jpg",
    "timestamp": "2019-01-10T14:20:14.843Z"
  }
},
{
  "model": "gallery.post",
  "pk": 14,
  "fields": {
    "image": "content/6517673b1be24e2c8e977abc21cfb6b1.jpg",
    "timestamp": "2019-01-10T14:21:37.983Z"
  }
},
{
  "model": "gallery.post",
  "pk": 15,
  "fields": {
    "image": "content/bbb6c652dd1846b58e5b7e5a61a1c7b9.jpg",
    "timestamp": "2019-01-10T14:21:54.864Z"
  }
},
{
  "model": "gallery.post",
  "pk": 16,
  "fields": {
    "image": "content/4b70bdc89a3b4192ae2c150891585507.jpg",
    "timestamp": "2019-01-10T14:23:11.803Z"
  }
},
{
  "model": "gallery.post",
  "pk": 17,
  "fields": {
    "image": "content/ebb8b4b93c6e4eb7849eb0035f74cc6e.jpeg",
    "timestamp": "2019-01-10T14:23:22.710Z"
  }
},
{
  "model": "gallery.post",
  "pk": 18,
  "fields": {
    "image": "content/36b413acae5e459ab1fa17e04fa04d46.jpeg",
    "timestamp": "2019-01-10T14:23:34.255Z"
  }
},
{
  "model": "gallery.post",
  "pk": 19,
  "fields": {
    "image": "content/7369504817af4bfe981861c8f1d4886f.jpg",
    "timestamp": "2019-01-10T14:23:57.394Z"
  }
},
{
  "model": "gallery.comment",
  "pk": 1,
  "fields": {
    "comment_text": "Hot!",
    "timestamp": "2018-07-29T14:16:58.053Z",
    "post_id": 4
  }
},
{
  "model": "gallery.comment",
  "pk": 2,
  "fields": {
    "comment_text": "Cool!",
    "timestamp": "2018-07-29T14:16:58.063Z",
    "post_id": 4
  }
},
{
  "model": "gallery.comment",
  "pk": 3,
  "fields": {
    "comment_text": "Nice!",
    "timestamp": "2018-07-29T14:16:58.063Z",
    "post_id": 4
  }
},
{
  "model": "gallery.comment",
  "pk": 4,
  "fields": {
    "comment_text": "Awesome!",
    "timestamp": "2018-07-30T16:18:32.650Z",
    "post_id": 5
  }
},
{
  "model": "gallery.comment",
  "pk": 5,
  "fields": {
    "comment_text": "Nice!",
    "timestamp": "2018-07-30T16:35:11.487Z",
    "post_id": 6
  }
},
{
  "model": "gallery.comment",
  "pk": 6,
  "fields": {
    "comment_text": "That's hot!",
    "timestamp": "2018-07-30T16:35:59.736Z",
    "post_id": 7
  }
},
{
  "model": "gallery.comment",
  "pk": 7,
  "fields": {
    "comment_text": "Lexi Belle",
    "timestamp": "2018-07-30T16:35:59.737Z",
    "post_id": 7
  }
},
{
  "model": "gallery.comment",
  "pk": 8,
  "fields": {
    "comment_text": "Hot!",
    "timestamp": "2019-01-10T14:17:18.922Z",
    "post_id": 10
  }
},
{
  "model": "gallery.comment",
  "pk": 9,
  "fields": {
    "comment_text": "Nice chick!",
    "timestamp": "2019-01-10T14:17:18.936Z",
    "post_id": 10
  }
},
{
  "model": "gallery.comment",
  "pk": 10,
  "fields": {
    "comment_text": "Great boobs",
    "timestamp": "2019-01-10T14:17:54.486Z",
    "post_id": 11
  }
},
{
  "model": "gallery.comment",
  "pk": 11,
  "fields": {
    "comment_text": "Cool!",
    "timestamp": "2019-01-10T14:17:54.487Z",
    "post_id": 11
  }
},
{
  "model": "gallery.comment",
  "pk": 12,
  "fields": {
    "comment_text": "Great panties!",
    "timestamp": "2019-01-10T14:18:32.763Z",
    "post_id": 12
  }
},
{
  "model": "gallery.comment",
  "pk": 13,
  "fields": {
    "comment_text": "And boobs:)",
    "timestamp": "2019-01-10T14:18:32.768Z",
    "post_id": 12
  }
},
{
  "model": "gallery.comment",
  "pk": 14,
  "fields": {
    "comment_text": "Dat ass!",
    "timestamp": "2019-01-10T14:21:37.984Z",
    "post_id": 14
  }
},
{
  "model": "gallery.comment",
  "pk": 15,
  "fields": {
    "comment_text": "Nice",
    "timestamp": "2019-01-10T14:21:37.985Z",
    "post_id": 14
  }
},
{
  "model": "gallery.comment",
  "pk": 16,
  "fields": {
    "comment_text": "Good",
    "timestamp": "2019-01-10T14:21:37.986Z",
    "post_id": 14
  }
},
{
  "model": "gallery.comment",
  "pk": 17,
  "fields": {
    "comment_text": "Very nice!",
    "timestamp": "2019-01-10T14:21:37.987Z",
    "post_id": 14
  }
},
{
  "model": "gallery.comment",
  "pk": 18,
  "fields": {
    "comment_text": "Very hot!",
    "timestamp": "2019-01-10T14:21:54.865Z",
    "post_id": 15
  }
},
{
  "model": "gallery.vote",
  "pk": 1,
  "fields": {
    "value": 5,
    "post_id": 4
  }
},
{
  "model": "gallery.vote",
  "pk": 2,
  "fields": {
    "value": 5,
    "post_id": 4
  }
},
{
  "model": "gallery.vote",
  "pk": 3,
  "fields": {
    "value": 4,
    "post_id": 4
  }
},
{
  "model": "gallery.vote",
  "pk": 4,
  "fields": {
    "value": 5,
    "post_id": 5
  }
},
{
  "model": "gallery.vote",
  "pk": 5,
  "fields": {
    "value": 5,
    "post_id": 6
  }
},
{
  "model": "gallery.vote",
  "pk": 6,
  "fields": {
    "value": 4,
    "post_id": 6
  }
},
{
  "model": "gallery.vote",
  "pk": 7,
  "fields": {
    "value": 2,
    "post_id": 6
  }
},
{
  "model": "gallery.vote",
  "pk": 8,
  "fields": {
    "value": 5,
    "post_id": 6
  }
},
{
  "model": "gallery.vote",
  "pk": 9,
  "fields": {
    "value": 5,
    "post_id": 7
  }
},
{
  "model": "gallery.vote",
  "pk": 10,
  "fields": {
    "value": 5,
    "post_id": 7
  }
},
{
  "model": "gallery.vote",
  "pk": 11,
  "fields": {
    "value": 4,
    "post_id": 7
  }
},
{
  "model": "gallery.vote",
  "pk": 12,
  "fields": {
    "value": 3,
    "post_id": 8
  }
},
{
  "model": "gallery.vote",
  "pk": 13,
  "fields": {
    "value": 4,
    "post_id": 8
  }
},
{
  "model": "gallery.vote",
  "pk": 14,
  "fields": {
    "value": 4,
    "post_id": 10
  }
},
{
  "model": "gallery.vote",
  "pk": 15,
  "fields": {
    "value": 5,
    "post_id": 10
  }
},
{
  "model": "gallery.vote",
  "pk": 16,
  "fields": {
    "value": 4,
    "post_id": 10
  }
},
{
  "model": "gallery.vote",
  "pk": 17,
  "fields": {
    "value": 5,
    "post_id": 11
  }
},
{
  "model": "gallery.vote",
  "pk": 18,
  "fields": {
    "value": 5,
    "post_id": 12
  }
},
{
  "model": "gallery.vote",
  "pk": 19,
  "fields": {
    "value": 5,
    "post_id": 12
  }
},
{
  "model": "gallery.vote",
  "pk": 20,
  "fields": {
    "value": 3,
    "post_id": 13
  }
},
{
  "model": "gallery.vote",
  "pk": 21,
  "fields": {
    "value": 2,
    "post_id": 13
  }
},
{
  "model": "gallery.vote",
  "pk": 22,
  "fields": {
    "value": 5,
    "post_id": 13
  }
},
{
  "model": "gallery.vote",
  "pk": 23,
  "fields": {
    "value": 5,
    "post_id": 14
  }
},
{
  "model": "gallery.vote",
  "pk": 24,
  "fields": {
    "value": 5,
    "post_id": 14
  }
},
{
  "model": "gallery.vote",
  "pk": 25,
  "fields": {
    "value": 4,
    "post_id": 14
  }
},
{
  "model": "gallery.vote",
  "pk": 26,
  "fields": {
    "value": 4,
    "post_id": 15
  }
},
{
  "model": "gallery.vote",
  "pk": 27,
  "fields": {
    "value": 3,
    "post_id": 15
  }
},
{
  "model": "gallery.vote",
  "pk": 28,
  "fields": {
    "value": 2,
    "post_id": 19
  }
},
{
  "model": "auth.user",
  "pk": 1,
  "fields": {
    "password": "pbkdf2_sha256$120000$9nJeOD21LBEC$oswLl5yV6Yit8aGSZ+F4HFnUW89zfnogD1pdx2wKJ64=",
    "last_login": "2019-08-24T11:02:03.520Z",
    "is_superuser": true,
    "username": "admin",
    "first_name": "",
    "last_name": "",
    "email": "k_babaec@mail.ru",
    "is_staff": true,
    "is_active": true,
    "date_joined": "2018-07-11T17:12:18.251Z",
    "groups": [],
    "user_permissions": []
  }
},
{
  "model": "sessions.session",
  "pk": "6zxs9hfujxrd09t8la2eqfsmef5ue3jm",
  "fields": {
    "session_data": "NTNiZWRhODA4ZDZmOTFjYzI2MTYyNjMxZmRhODQ1ZmJjZDA5MzRlYjp7Il9hdXRoX3VzZXJfaWQiOiIxIiwiX2F1dGhfdXNlcl9iYWNrZW5kIjoiZGphbmdvLmNvbnRyaWIuYXV0aC5iYWNrZW5kcy5Nb2RlbEJhY2tlbmQiLCJfYXV0aF91c2VyX2hhc2giOiI4ZjBlYjZiMjliYWU0YWU3MmI0OTQxMzUwNGIwMzAxYzc5Y2FhMDgxIn0=",
    "expire_date": "2018-08-13T16:17:59.207Z"
  }
},
{
  "model": "sessions.session",
  "pk": "qfidha2x23vyev7hb5fnc13hidhj8dt6",
  "fields": {
    "session_data": "N2ZiYWY4YTNjZDYyZGJkNTJkYWI3YTMyNjQxMzEzYjY0MmUwNjkzNjp7Il9hdXRoX3VzZXJfaWQiOiIxIiwiX2F1dGhfdXNlcl9iYWNrZW5kIjoiZGphbmdvLmNvbnRyaWIuYXV0aC5iYWNrZW5kcy5Nb2RlbEJhY2tlbmQiLCJfYXV0aF91c2VyX2hhc2giOiI5YmZiNmM0ZTc1NWZjZGY0MGVjYmIyNzJjMTYyZGFmZGQwY2M4M2ZjIn0=",
    "expire_date": "2018-07-25T17:12:58.014Z"
  }
},
{
  "model": "sessions.session",
  "pk": "vspkgo0vuq5yvk9defydmynehrwjs6s5",
  "fields": {
    "session_data": "NTNiZWRhODA4ZDZmOTFjYzI2MTYyNjMxZmRhODQ1ZmJjZDA5MzRlYjp7Il9hdXRoX3VzZXJfaWQiOiIxIiwiX2F1dGhfdXNlcl9iYWNrZW5kIjoiZGphbmdvLmNvbnRyaWIuYXV0aC5iYWNrZW5kcy5Nb2RlbEJhY2tlbmQiLCJfYXV0aF91c2VyX2hhc2giOiI4ZjBlYjZiMjliYWU0YWU3MmI0OTQxMzUwNGIwMzAxYzc5Y2FhMDgxIn0=",
    "expire_date": "2019-01-24T14:15:25.301Z"
  }
},
{
  "model": "admin.logentry",
  "pk": 1,
  "fields": {
    "action_time": "2018-07-11T17:13:32.431Z",
    "user": 1,
    "content_type": 2,
    "object_id": "1",
    "object_repr": "Post object (1)",
    "action_flag": 1,
    "change_message": "[{\"added\": {}}]"
  }
},
{
  "model": "admin.logentry",
  "pk": 2,
  "fields": {
    "action_time": "2018-07-12T17:44:12.573Z",
    "user": 1,
    "content_type": 2,
    "object_id": "1",
    "object_repr": "Post object (1)",
    "action_flag": 3,
    "change_message": ""
  }
},
{
  "model": "admin.logentry",
  "pk": 3,
  "fields": {
    "action_time": "2018-07-12T17:49:50.145Z",
    "user": 1,
    "content_type": 2,
    "object_id": "2",
    "object_repr": "Post object (2)",
    "action_flag": 1,
    "change_message": "[{\"added\": {}}]"
  }
},
{
  "model": "admin.logentry",
  "pk": 4,
  "fields": {
    "action_time": "2018-07-12T17:50:05.552Z",
    "user": 1,
    "content_type": 2,
    "object_id": "2",
    "object_repr": "Post object (2)",
    "action_flag": 3,
    "change_message": ""
  }
},
{
  "model": "admin.logentry",
  "pk": 5,
  "fields": {
    "action_time": "2018-07-25T18:02:24.099Z",
    "user": 1,
    "content_type": 2,
    "object_id": "3",
    "object_repr": "Post object (3)",
    "action_flag": 1,
    "change_message": "[{\"added\": {}}]"
  }
},
{
  "model": "admin.logentry",
  "pk": 6,
  "fields": {
    "action_time": "2018-07-29T14:16:58.106Z",
    "user": 1,
    "content_type": 2,
    "object_id": "4",
    "object_repr": "Post object (4)",
    "action_flag": 1,
    "change_message": "[{\"added\": {}}, {\"added\": {\"name\": \"\\u041a\\u043e\\u043c\\u043c\\u0435\\u043d\\u0442\\u0430\\u0440\\u0438\\u0439\", \"object\": \"Comment object (1)\"}}, {\"added\": {\"name\": \"\\u041a\\u043e\\u043c\\u043c\\u0435\\u043d\\u0442\\u0430\\u0440\\u0438\\u0439\", \"object\": \"Comment object (2)\"}}, {\"added\": {\"name\": \"\\u041a\\u043e\\u043c\\u043c\\u0435\\u043d\\u0442\\u0430\\u0440\\u0438\\u0439\", \"object\": \"Comment object (3)\"}}, {\"added\": {\"name\": \"\\u041e\\u0446\\u0435\\u043d\\u043a\\u0430\", \"object\": \"Vote object (1)\"}}, {\"added\": {\"name\": \"\\u041e\\u0446\\u0435\\u043d\\u043a\\u0430\", \"object\": \"Vote object (2)\"}}, {\"added\": {\"name\": \"\\u041e\\u0446\\u0435\\u043d\\u043a\\u0430\", \"object\": \"Vote object (3)\"}}]"
  }
},
{
  "model": "admin.logentry",
  "pk": 7,
  "fields": {
    "action_time": "2018-07-30T16:18:32.654Z",
    "user": 1,
    "content_type": 2,
    "object_id": "5",
    "object_repr": "Post object (5)",
    "action_flag": 1,
    "change_message": "[{\"added\": {}}, {\"added\": {\"name\": \"\\u041a\\u043e\\u043c\\u043c\\u0435\\u043d\\u0442\\u0430\\u0440\\u0438\\u0439\", \"object\": \"Comment object (4)\"}}, {\"added\": {\"name\": \"\\u041e\\u0446\\u0435\\u043d\\u043a\\u0430\", \"object\": \"Vote object (4)\"}}]"
  }
},
{
  "model": "admin.logentry",
  "pk": 8,
  "fields": {
    "action_time": "2018-07-30T16:35:11.492Z",
    "user": 1,
    "content_type": 2,
    "object_id": "6",
    "object_repr": "Post object (6)",
    "action_flag": 1,
    "change_message": "[{\"added\": {}}, {\"added\": {\"name\": \"\\u041a\\u043e\\u043c\\u043c\\u0435\\u043d\\u0442\\u0430\\u0440\\u0438\\u0439\", \"object\": \"Comment object (5)\"}}, {\"added\": {\"name\": \"\\u041e\\u0446\\u0435\\u043d\\u043a\\u0430\", \"object\": \"Vote object (5)\"}}, {\"added\": {\"name\": \"\\u041e\\u0446\\u0435\\u043d\\u043a\\u0430\", \"object\": \"Vote object (6)\"}}, {\"added\": {\"name\": \"\\u041e\\u0446\\u0435\\u043d\\u043a\\u0430\", \"object\": \"Vote object (7)\"}}, {\"added\": {\"name\": \"\\u041e\\u0446\\u0435\\u043d\\u043a\\u0430\", \"object\": \"Vote object (8)\"}}]"
  }
},
{
  "model": "admin.logentry",
  "pk": 9,
  "fields": {
    "action_time": "2018-07-30T16:35:59.739Z",
    "user": 1,
    "content_type": 2,
    "object_id": "7",
    "object_repr": "Post object (7)",
    "action_flag": 1,
    "change_message": "[{\"added\": {}}, {\"added\": {\"name\": \"\\u041a\\u043e\\u043c\\u043c\\u0435\\u043d\\u0442\\u0430\\u0440\\u0438\\u0439\", \"object\": \"Comment object (6)\"}}, {\"added\": {\"name\": \"\\u041a\\u043e\\u043c\\u043c\\u0435\\u043d\\u0442\\u0430\\u0440\\u0438\\u0439\", \"object\": \"Comment object (7)\"}}, {\"added\": {\"name\": \"\\u041e\\u0446\\u0435\\u043d\\u043a\\u0430\", \"object\": \"Vote object (9)\"}}, {\"added\": {\"name\": \"\\u041e\\u0446\\u0435\\u043d\\u043a\\u0430\", \"object\": \"Vote object (10)\"}}, {\"added\": {\"name\": \"\\u041e\\u0446\\u0435\\u043d\\u043a\\u0430\", \"object\": \"Vote object (11)\"}}]"
  }
},
{
  "model": "admin.logentry",
  "pk": 10,
  "fields": {
    "action_time": "2018-07-30T16:36:31.540Z",
    "user": 1,
    "content_type": 2,
    "object_id": "8",
    "object_repr": "Post object (8)",
    "action_flag": 1,
    "change_message": "[{\"added\": {}}, {\"added\": {\"name\": \"\\u041e\\u0446\\u0435\\u043d\\u043a\\u0430\", \"object\": \"Vote object (12)\"}}, {\"added\": {\"name\": \"\\u041e\\u0446\\u0435\\u043d\\u043a\\u0430\", \"object\": \"Vote object (13)\"}}]"
  }
},
{
  "model": "admin.logentry",
  "pk": 11,
  "fields": {
    "action_time": "2019-01-10T14:16:31.100Z",
    "user": 1,
    "content_type": 2,
    "object_id": "9",
    "object_repr": "Post object (9)",
    "action_flag": 1,
    "change_message": "[{\"added\": {}}]"
  }
},
{
  "model": "admin.logentry",
  "pk": 12,
  "fields": {
    "action_time": "2019-01-10T14:17:18.987Z",
    "user": 1,
    "content_type": 2,
    "object_id": "10",
    "object_repr": "Post object (10)",
    "action_flag": 1,
    "change_message": "[{\"added\": {}}, {\"added\": {\"name\": \"\\u041a\\u043e\\u043c\\u043c\\u0435\\u043d\\u0442\\u0430\\u0440\\u0438\\u0439\", \"object\": \"Comment object (8)\"}}, {\"added\": {\"name\": \"\\u041a\\u043e\\u043c\\u043c\\u0435\\u043d\\u0442\\u0430\\u0440\\u0438\\u0439\", \"object\": \"Comment object (9)\"}}, {\"added\": {\"name\": \"\\u041e\\u0446\\u0435\\u043d\\u043a\\u0430\", \"object\": \"Vote object (14)\"}}, {\"added\": {\"name\": \"\\u041e\\u0446\\u0435\\u043d\\u043a\\u0430\", \"object\": \"Vote object (15)\"}}, {\"added\": {\"name\": \"\\u041e\\u0446\\u0435\\u043d\\u043a\\u0430\", \"object\": \"Vote object (16)\"}}]"
  }
},
{
  "model": "admin.logentry",
  "pk": 13,
  "fields": {
    "action_time": "2019-01-10T14:17:54.489Z",
    "user": 1,
    "content_type": 2,
    "object_id": "11",
    "object_repr": "Post object (11)",
    "action_flag": 1,
    "change_message": "[{\"added\": {}}, {\"added\": {\"name\": \"\\u041a\\u043e\\u043c\\u043c\\u0435\\u043d\\u0442\\u0430\\u0440\\u0438\\u0439\", \"object\": \"Comment object (10)\"}}, {\"added\": {\"name\": \"\\u041a\\u043e\\u043c\\u043c\\u0435\\u043d\\u0442\\u0430\\u0440\\u0438\\u0439\", \"object\": \"Comment object (11)\"}}, {\"added\": {\"name\": \"\\u041e\\u0446\\u0435\\u043d\\u043a\\u0430\", \"object\": \"Vote object (17)\"}}]"
  }
},
{
  "model": "admin.logentry",
  "pk": 14,
  "fields": {
    "action_time": "2019-01-10T14:18:32.773Z",
    "user": 1,
    "content_type": 2,
    "object_id": "12",
    "object_repr": "Post object (12)",
    "action_flag": 1,
    "change_message": "[{\"added\": {}}, {\"added\": {\"name\": \"\\u041a\\u043e\\u043c\\u043c\\u0435\\u043d\\u0442\\u0430\\u0440\\u0438\\u0439\", \"object\": \"Comment object (12)\"}}, {\"added\": {\"name\": \"\\u041a\\u043e\\u043c\\u043c\\u0435\\u043d\\u0442\\u0430\\u0440\\u0438\\u0439\", \"object\": \"Comment object (13)\"}}, {\"added\": {\"name\": \"\\u041e\\u0446\\u0435\\u043d\\u043a\\u0430\", \"object\": \"Vote object (18)\"}}, {\"added\": {\"name\": \"\\u041e\\u0446\\u0435\\u043d\\u043a\\u0430\", \"object\": \"Vote object (19)\"}}]"
  }
},
{
  "model": "admin.logentry",
  "pk": 15,
  "fields": {
    "action_time": "2019-01-10T14:20:14.848Z",
    "user": 1,
    "content_type": 2,
    "object_id": "13",
    "object_repr": "Post object (13)",
    "action_flag": 1,
    "change_message": "[{\"added\": {}}, {\"added\": {\"name\": \"\\u041e\\u0446\\u0435\\u043d\\u043a\\u0430\", \"object\": \"Vote object (20)\"}}, {\"added\": {\"name\": \"\\u041e\\u0446\\u0435\\u043d\\u043a\\u0430\", \"object\": \"Vote object (21)\"}}, {\"added\": {\"name\": \"\\u041e\\u0446\\u0435\\u043d\\u043a\\u0430\", \"object\": \"Vote object (22)\"}}]"
  }
},
{
  "model": "admin.logentry",
  "pk": 16,
  "fields": {
    "action_time": "2019-01-10T14:21:37.990Z",
    "user": 1,
    "content_type": 2,
    "object_id": "14",
    "object_repr": "Post object (14)",
    "action_flag": 1,
    "change_message": "[{\"added\": {}}, {\"added\": {\"name\": \"\\u041a\\u043e\\u043c\\u043c\\u0435\\u043d\\u0442\\u0430\\u0440\\u0438\\u0439\", \"object\": \"Comment object (14)\"}}, {\"added\": {\"name\": \"\\u041a\\u043e\\u043c\\u043c\\u0435\\u043d\\u0442\\u0430\\u0440\\u0438\\u0439\", \"object\": \"Comment object (15)\"}}, {\"added\": {\"name\": \"\\u041a\\u043e\\u043c\\u043c\\u0435\\u043d\\u0442\\u0430\\u0440\\u0438\\u0439\", \"object\": \"Comment object (16)\"}}, {\"added\": {\"name\": \"\\u041a\\u043e\\u043c\\u043c\\u0435\\u043d\\u0442\\u0430\\u0440\\u0438\\u0439\", \"object\": \"Comment object (17)\"}}, {\"added\": {\"name\": \"\\u041e\\u0446\\u0435\\u043d\\u043a\\u0430\", \"object\": \"Vote object (23)\"}}, {\"added\": {\"name\": \"\\u041e\\u0446\\u0435\\u043d\\u043a\\u0430\", \"object\": \"Vote object (24)\"}}, {\"added\": {\"name\": \"\\u041e\\u0446\\u0435\\u043d\\u043a\\u0430\", \"object\": \"Vote object (25)\"}}]"
  }
},
{
  "model": "admin.logentry",
  "pk": 17,
  "fields": {
    "action_time": "2019-01-10T14:21:54.869Z",
    "user": 1,
    "content_type": 2,
    "object_id": "15",
    "object_repr": "Post object (15)",
    "action_flag": 1,
    "change_message": "[{\"added\": {}}, {\"added\": {\"name\": \"\\u041a\\u043e\\u043c\\u043c\\u0435\\u043d\\u0442\\u0430\\u0440\\u0438\\u0439\", \"object\": \"Comment object (18)\"}}, {\"added\": {\"name\": \"\\u041e\\u0446\\u0435\\u043d\\u043a\\u0430\", \"object\": \"Vote object (26)\"}}, {\"added\": {\"name\": \"\\u041e\\u0446\\u0435\\u043d\\u043a\\u0430\", \"object\": \"Vote object (27)\"}}]"
  }
},
{
  "model": "admin.logentry",
  "pk": 18,
  "fields": {
    "action_time": "2019-01-10T14:23:11.804Z",
    "user": 1,
    "content_type": 2,
    "object_id": "16",
    "object_repr": "Post object (16)",
    "action_flag": 1,
    "change_message": "[{\"added\": {}}]"
  }
},
{
  "model": "admin.logentry",
  "pk": 19,
  "fields": {
    "action_time": "2019-01-10T14:23:22.715Z",
    "user": 1,
    "content_type": 2,
    "object_id": "17",
    "object_repr": "Post object (17)",
    "action_flag": 1,
    "change_message": "[{\"added\": {}}]"
  }
},
{
  "model": "admin.logentry",
  "pk": 20,
  "fields": {
    "action_time": "2019-01-10T14:23:34.256Z",
    "user": 1,
    "content_type": 2,
    "object_id": "18",
    "object_repr": "Post object (18)",
    "action_flag": 1,
    "change_message": "[{\"added\": {}}]"
  }
},
{
  "model": "admin.logentry",
  "pk": 21,
  "fields": {
    "action_time": "2019-01-10T14:23:57.397Z",
    "user": 1,
    "content_type": 2,
    "object_id": "19",
    "object_repr": "Post object (19)",
    "action_flag": 1,
    "change_message": "[{\"added\": {}}, {\"added\": {\"name\": \"\\u041e\\u0446\\u0435\\u043d\\u043a\\u0430\", \"object\": \"Vote object (28)\"}}]"
  }
}
]
